{"equity_curve": [10000.0, 10094.221187776357, 10183.827661581261, 10264.491628007001, 10332.44129544237, 10384.695385806675, 10419.248495981215, 10435.195784062182, 10432.789228047704, 10413.421959066376, 10379.541643231187, 10334.498297615699, 10282.33600241796, 10227.541459640968, 10174.765031693114, 10128.531604377296, 10092.959251407621, 10071.503192531425, 10066.740964700472, 10080.212163307388, 10112.322717601059, 10162.319651972022, 10228.337902328882, 10307.516276750222, 10396.175350540323, 10490.046235035734, 10584.535996426344, 10675.013222134185, 10757.095979615637, 10826.924263703451, 10881.39999303242, 10918.379633733353, 10936.807473987015, 10936.781263071802, 10919.546133787047, 10887.417186126258, 10843.635545572526, 10792.16684561413, 10737.454663861457, 10684.144241913318, 10636.793666733189, 10599.590470878562, 10576.0912720085, 10569.000639623797, 10580.00293803479, 10609.657600746621, 10657.364347593471, 10721.400507251848, 10799.02812459987, 10886.664193505661, 10980.10343079464, 11074.77974038934, 11166.050111047993, 11249.483296315471, 11321.135327965487, 11377.794732842589, 11417.182206708461, 11438.092330339829, 11440.468516657405, 11425.406529036409, 11395.086352047136, 11352.636650572962, 11301.94024458134, 11247.392694184347, 11193.62900500048, 11145.235445954568, 11106.464397289263, 11080.969958157628, 11071.580752436133, 11080.124058592235, 11107.312198359552, 11152.698248022543, 11214.703825968498, 11290.717228811443, 11377.255814459117, 11470.182535930346, 11564.963162898886, 11656.948198173914, 11741.66196091588, 11815.080862793508, 11873.883575218288, 11915.657533469535, 11939.04893828364, 11943.846928535262, 11930.996691560817, 11902.54069598784, 11861.491700928258, 11811.645437208876, 11757.344607212879, 11703.2088766792, 11653.847646261847, 11613.57346132251, 11586.133878747449, 11574.478462011293, 11580.57539160618, 11605.289093111473, 11648.326491398013, 11708.25523262017, 11782.592741040462, 11867.960573564766, 11960.294474970668, 12055.097073612309, 12147.71750620665, 12233.640585986324, 12308.767535143881, 12369.67082698374, 12413.807292931175, 12439.676244436647, 12446.912778521351, 12436.310465677057, 12409.77200949653, 12370.190945779725, 12321.271736492361, 12267.29944426316, 12212.87330794396, 12162.620784213957, 12120.90983473611, 12091.577347456827, 12077.690577497115, 12081.356440085163], "returns": [0.001, 0.001, 0.001, 0.001, 0.001, 0.001, 0.001, 0.001, 0.001, 0.001, 0.001, 0.001, 0.001, 0.001, 0.001, 0.001, 0.001, 0.001, 0.001, 0.001, 0.001, 0.001, 0.001, 0.001, 0.001, 0.001, 0.001, 0.001, 0.001, 0.001, 0.001, 0.001, 0.001, 0.001, 0.001, 0.001, 0.001, 0.001, 0.001, 0.001, 0.001, 0.001, 0.001, 0.001, 0.001, 0.001, 0.001, 0.001, 0.001, 0.001, 0.001, 0.001, 0.001, 0.001, 0.001, 0.001, 0.001, 0.001, 0.001, 0.001, 0.001, 0.001, 0.001, 0.001, 0.001, 0.001, 0.001, 0.001, 0.001, 0.001, 0.001, 0.001, 0.001, 0.001, 0.001, 0.001, 0.001, 0.001, 0.001, 0.001, 0.001, 0.001, 0.001, 0.001, 0.001, 0.001, 0.001, 0.001, 0.001, 0.001, 0.001, 0.001, 0.001, 0.001, 0.001, 0.001, 0.001, 0.001, 0.001, 0.001, 0.001, 0.001, 0.001, 0.001, 0.001, 0.001, 0.001, 0.001, 0.001, 0.001, 0.001, 0.001, 0.001, 0.001, 0.001, 0.001, 0.001, 0.001, 0.001, 0.001], "strategy": {"name": "P91b Champion MVP"}}