{
  "phase": 87,
  "label": "p87_balanced_B-I600-7.5pct",
  "avg_sharpe": 2.001909747315686,
  "min_sharpe": 1.4927542183644622,
  "yby_sharpes": [
    3.146,
    1.498,
    1.493,
    2.367,
    1.506
  ],
  "weights": {
    "v1": 0.2743,
    "i460": 0.1307,
    "i410": 0.2366,
    "i600": 0.075,
    "f144": 0.2834
  }
}